GEO.id,GEO.id2,GEO.display-label,HD01_VD01,HD02_VD01
Id,Id2,Geography,Estimate; Median gross rent,Margin of Error; Median gross rent
1400000US41001950100,41001950100,"Census Tract 9501, Baker County, Oregon",751,48
1400000US41001950200,41001950200,"Census Tract 9502, Baker County, Oregon",672,139
1400000US41001950300,41001950300,"Census Tract 9503, Baker County, Oregon",646,62
1400000US41001950400,41001950400,"Census Tract 9504, Baker County, Oregon",632,170
1400000US41001950500,41001950500,"Census Tract 9505, Baker County, Oregon",641,131
1400000US41001950600,41001950600,"Census Tract 9506, Baker County, Oregon",605,54
1400000US41003000100,41003000100,"Census Tract 1, Benton County, Oregon",1008,170
1400000US41003000202,41003000202,"Census Tract 2.02, Benton County, Oregon",1143,53
1400000US41003000400,41003000400,"Census Tract 4, Benton County, Oregon",1161,95
1400000US41003000500,41003000500,"Census Tract 5, Benton County, Oregon",1375,773
1400000US41003000600,41003000600,"Census Tract 6, Benton County, Oregon",946,55
1400000US41003000900,41003000900,"Census Tract 9, Benton County, Oregon",1057,80
1400000US41003001001,41003001001,"Census Tract 10.01, Benton County, Oregon",805,42
1400000US41003001002,41003001002,"Census Tract 10.02, Benton County, Oregon",1162,225
1400000US41003001101,41003001101,"Census Tract 11.01, Benton County, Oregon",796,53
1400000US41003001102,41003001102,"Census Tract 11.02, Benton County, Oregon",966,71
1400000US41003010100,41003010100,"Census Tract 101, Benton County, Oregon",1364,145
1400000US41003010200,41003010200,"Census Tract 102, Benton County, Oregon",1092,194
1400000US41003010300,41003010300,"Census Tract 103, Benton County, Oregon",853,54
1400000US41003010400,41003010400,"Census Tract 104, Benton County, Oregon",805,78
1400000US41003010600,41003010600,"Census Tract 106, Benton County, Oregon",877,49
1400000US41003010702,41003010702,"Census Tract 107.02, Benton County, Oregon",956,57
1400000US41003010800,41003010800,"Census Tract 108, Benton County, Oregon",783,82
1400000US41003010900,41003010900,"Census Tract 109, Benton County, Oregon",1248,286
1400000US41005020100,41005020100,"Census Tract 201, Clackamas County, Oregon",1543,178
1400000US41005020200,41005020200,"Census Tract 202, Clackamas County, Oregon",1551,159
1400000US41005020302,41005020302,"Census Tract 203.02, Clackamas County, Oregon",1172,124
1400000US41005020303,41005020303,"Census Tract 203.03, Clackamas County, Oregon",1383,118
1400000US41005020304,41005020304,"Census Tract 203.04, Clackamas County, Oregon",1328,184
1400000US41005020401,41005020401,"Census Tract 204.01, Clackamas County, Oregon",1627,157
1400000US41005020403,41005020403,"Census Tract 204.03, Clackamas County, Oregon",3222,1286
1400000US41005020404,41005020404,"Census Tract 204.04, Clackamas County, Oregon",1274,361
1400000US41005020501,41005020501,"Census Tract 205.01, Clackamas County, Oregon",1567,147
1400000US41005020503,41005020503,"Census Tract 205.03, Clackamas County, Oregon",1479,246
1400000US41005020504,41005020504,"Census Tract 205.04, Clackamas County, Oregon",1283,235
1400000US41005020505,41005020505,"Census Tract 205.05, Clackamas County, Oregon",2000,1281
1400000US41005020600,41005020600,"Census Tract 206, Clackamas County, Oregon",1361,199
1400000US41005020700,41005020700,"Census Tract 207, Clackamas County, Oregon",1171,146
1400000US41005020800,41005020800,"Census Tract 208, Clackamas County, Oregon",1044,57
1400000US41005020900,41005020900,"Census Tract 209, Clackamas County, Oregon",862,78
1400000US41005021000,41005021000,"Census Tract 210, Clackamas County, Oregon",1019,86
1400000US41005021100,41005021100,"Census Tract 211, Clackamas County, Oregon",1055,68
1400000US41005021200,41005021200,"Census Tract 212, Clackamas County, Oregon",1185,83
1400000US41005021300,41005021300,"Census Tract 213, Clackamas County, Oregon",999,462
1400000US41005021400,41005021400,"Census Tract 214, Clackamas County, Oregon",1051,135
1400000US41005021500,41005021500,"Census Tract 215, Clackamas County, Oregon",1177,322
1400000US41005021601,41005021601,"Census Tract 216.01, Clackamas County, Oregon",1041,76
1400000US41005021602,41005021602,"Census Tract 216.02, Clackamas County, Oregon",1201,103
1400000US41005021700,41005021700,"Census Tract 217, Clackamas County, Oregon",1253,156
1400000US41005021801,41005021801,"Census Tract 218.01, Clackamas County, Oregon",1278,446
1400000US41005021802,41005021802,"Census Tract 218.02, Clackamas County, Oregon",1025,87
1400000US41005021900,41005021900,"Census Tract 219, Clackamas County, Oregon",1002,88
1400000US41005022000,41005022000,"Census Tract 220, Clackamas County, Oregon",1347,291
1400000US41005022101,41005022101,"Census Tract 221.01, Clackamas County, Oregon",1194,140
1400000US41005022103,41005022103,"Census Tract 221.03, Clackamas County, Oregon",1244,221
1400000US41005022105,41005022105,"Census Tract 221.05, Clackamas County, Oregon",1152,282
1400000US41005022107,41005022107,"Census Tract 221.07, Clackamas County, Oregon",1125,48
1400000US41005022108,41005022108,"Census Tract 221.08, Clackamas County, Oregon",946,57
1400000US41005022201,41005022201,"Census Tract 222.01, Clackamas County, Oregon",1023,82
1400000US41005022205,41005022205,"Census Tract 222.05, Clackamas County, Oregon",1263,167
1400000US41005022206,41005022206,"Census Tract 222.06, Clackamas County, Oregon",1358,140
1400000US41005022207,41005022207,"Census Tract 222.07, Clackamas County, Oregon",1975,700
1400000US41005022208,41005022208,"Census Tract 222.08, Clackamas County, Oregon",1733,184
1400000US41005022301,41005022301,"Census Tract 223.01, Clackamas County, Oregon",677,226
1400000US41005022302,41005022302,"Census Tract 223.02, Clackamas County, Oregon",1252,283
1400000US41005022400,41005022400,"Census Tract 224, Clackamas County, Oregon",887,80
1400000US41005022500,41005022500,"Census Tract 225, Clackamas County, Oregon",1063,113
1400000US41005022602,41005022602,"Census Tract 226.02, Clackamas County, Oregon",1492,273
1400000US41005022603,41005022603,"Census Tract 226.03, Clackamas County, Oregon",1191,231
1400000US41005022605,41005022605,"Census Tract 226.05, Clackamas County, Oregon",1143,155
1400000US41005022606,41005022606,"Census Tract 226.06, Clackamas County, Oregon",1254,287
1400000US41005022702,41005022702,"Census Tract 227.02, Clackamas County, Oregon",1201,94
1400000US41005022707,41005022707,"Census Tract 227.07, Clackamas County, Oregon",1140,114
1400000US41005022708,41005022708,"Census Tract 227.08, Clackamas County, Oregon",881,24
1400000US41005022710,41005022710,"Census Tract 227.10, Clackamas County, Oregon",1244,95
1400000US41005022800,41005022800,"Census Tract 228, Clackamas County, Oregon",1334,124
1400000US41005022901,41005022901,"Census Tract 229.01, Clackamas County, Oregon",1238,184
1400000US41005022904,41005022904,"Census Tract 229.04, Clackamas County, Oregon",965,48
1400000US41005022905,41005022905,"Census Tract 229.05, Clackamas County, Oregon",1087,188
1400000US41005022906,41005022906,"Census Tract 229.06, Clackamas County, Oregon",831,43
1400000US41005022907,41005022907,"Census Tract 229.07, Clackamas County, Oregon",1086,112
1400000US41005023001,41005023001,"Census Tract 230.01, Clackamas County, Oregon",1141,244
1400000US41005023002,41005023002,"Census Tract 230.02, Clackamas County, Oregon",1444,221
1400000US41005023100,41005023100,"Census Tract 231, Clackamas County, Oregon",1167,500
1400000US41005023201,41005023201,"Census Tract 232.01, Clackamas County, Oregon",1144,73
1400000US41005023202,41005023202,"Census Tract 232.02, Clackamas County, Oregon",1621,322
1400000US41005023300,41005023300,"Census Tract 233, Clackamas County, Oregon",1782,331
1400000US41005023401,41005023401,"Census Tract 234.01, Clackamas County, Oregon",1023,193
1400000US41005023403,41005023403,"Census Tract 234.03, Clackamas County, Oregon",1364,134
1400000US41005023404,41005023404,"Census Tract 234.04, Clackamas County, Oregon",985,74
1400000US41005023500,41005023500,"Census Tract 235, Clackamas County, Oregon",855,65
1400000US41005023600,41005023600,"Census Tract 236, Clackamas County, Oregon",1265,441
1400000US41005023700,41005023700,"Census Tract 237, Clackamas County, Oregon",1096,477
1400000US41005023800,41005023800,"Census Tract 238, Clackamas County, Oregon",931,81
1400000US41005023901,41005023901,"Census Tract 239.01, Clackamas County, Oregon",1066,183
1400000US41005023902,41005023902,"Census Tract 239.02, Clackamas County, Oregon",951,90
1400000US41005024000,41005024000,"Census Tract 240, Clackamas County, Oregon",834,109
1400000US41005024100,41005024100,"Census Tract 241, Clackamas County, Oregon",1111,76
1400000US41005024200,41005024200,"Census Tract 242, Clackamas County, Oregon",742,215
1400000US41005024302,41005024302,"Census Tract 243.02, Clackamas County, Oregon",828,185
1400000US41005024303,41005024303,"Census Tract 243.03, Clackamas County, Oregon",1298,710
1400000US41005024304,41005024304,"Census Tract 243.04, Clackamas County, Oregon",1250,282
1400000US41005024400,41005024400,"Census Tract 244, Clackamas County, Oregon",1195,32
1400000US41005980000,41005980000,"Census Tract 9800, Clackamas County, Oregon",419,220
1400000US41007950100,41007950100,"Census Tract 9501, Clatsop County, Oregon",853,79
1400000US41007950200,41007950200,"Census Tract 9502, Clatsop County, Oregon",827,132
1400000US41007950300,41007950300,"Census Tract 9503, Clatsop County, Oregon",838,115
1400000US41007950400,41007950400,"Census Tract 9504, Clatsop County, Oregon",953,329
1400000US41007950500,41007950500,"Census Tract 9505, Clatsop County, Oregon",940,70
1400000US41007950600,41007950600,"Census Tract 9506, Clatsop County, Oregon",1039,138
1400000US41007950700,41007950700,"Census Tract 9507, Clatsop County, Oregon",895,61
1400000US41007950900,41007950900,"Census Tract 9509, Clatsop County, Oregon",866,87
1400000US41007951100,41007951100,"Census Tract 9511, Clatsop County, Oregon",891,81
1400000US41007951200,41007951200,"Census Tract 9512, Clatsop County, Oregon",895,333
1400000US41007951300,41007951300,"Census Tract 9513, Clatsop County, Oregon",1083,93
1400000US41007990000,41007990000,"Census Tract 9900, Clatsop County, Oregon",-,**
1400000US41009970200,41009970200,"Census Tract 9702, Columbia County, Oregon",771,152
1400000US41009970300,41009970300,"Census Tract 9703, Columbia County, Oregon",734,57
1400000US41009970400,41009970400,"Census Tract 9704, Columbia County, Oregon",912,216
1400000US41009970500,41009970500,"Census Tract 9705, Columbia County, Oregon",947,47
1400000US41009970600,41009970600,"Census Tract 9706, Columbia County, Oregon",1077,116
1400000US41009970700,41009970700,"Census Tract 9707, Columbia County, Oregon",893,92
1400000US41009970800,41009970800,"Census Tract 9708, Columbia County, Oregon",824,62
1400000US41009970900,41009970900,"Census Tract 9709, Columbia County, Oregon",946,101
1400000US41009971000,41009971000,"Census Tract 9710, Columbia County, Oregon",1049,185
1400000US41009971100,41009971100,"Census Tract 9711, Columbia County, Oregon",792,167
1400000US41011000100,41011000100,"Census Tract 1, Coos County, Oregon",761,274
1400000US41011000200,41011000200,"Census Tract 2, Coos County, Oregon",-,**
1400000US41011000300,41011000300,"Census Tract 3, Coos County, Oregon",793,214
1400000US41011000400,41011000400,"Census Tract 4, Coos County, Oregon",736,77
1400000US41011000502,41011000502,"Census Tract 5.02, Coos County, Oregon",842,138
1400000US41011000503,41011000503,"Census Tract 5.03, Coos County, Oregon",736,286
1400000US41011000504,41011000504,"Census Tract 5.04, Coos County, Oregon",729,36
1400000US41011000600,41011000600,"Census Tract 6, Coos County, Oregon",921,229
1400000US41011000700,41011000700,"Census Tract 7, Coos County, Oregon",776,49
1400000US41011000800,41011000800,"Census Tract 8, Coos County, Oregon",760,102
1400000US41011000900,41011000900,"Census Tract 9, Coos County, Oregon",743,129
1400000US41011001000,41011001000,"Census Tract 10, Coos County, Oregon",691,143
1400000US41011001100,41011001100,"Census Tract 11, Coos County, Oregon",654,150
1400000US41011990101,41011990101,"Census Tract 9901.01, Coos County, Oregon",-,**
1400000US41013950100,41013950100,"Census Tract 9501, Crook County, Oregon",744,95
1400000US41013950200,41013950200,"Census Tract 9502, Crook County, Oregon",815,75
1400000US41013950300,41013950300,"Census Tract 9503, Crook County, Oregon",900,63
1400000US41013950400,41013950400,"Census Tract 9504, Crook County, Oregon",844,119
1400000US41015950100,41015950100,"Census Tract 9501, Curry County, Oregon",803,284
1400000US41015950200,41015950200,"Census Tract 9502, Curry County, Oregon",796,62
1400000US41015950301,41015950301,"Census Tract 9503.01, Curry County, Oregon",1162,213
1400000US41015950302,41015950302,"Census Tract 9503.02, Curry County, Oregon",874,67
1400000US41015950400,41015950400,"Census Tract 9504, Curry County, Oregon",829,73
1400000US41015990101,41015990101,"Census Tract 9901.01, Curry County, Oregon",-,**
1400000US41017000100,41017000100,"Census Tract 1, Deschutes County, Oregon",1411,496
1400000US41017000200,41017000200,"Census Tract 2, Deschutes County, Oregon",877,85
1400000US41017000300,41017000300,"Census Tract 3, Deschutes County, Oregon",1106,156
1400000US41017000401,41017000401,"Census Tract 4.01, Deschutes County, Oregon",1146,99
1400000US41017000402,41017000402,"Census Tract 4.02, Deschutes County, Oregon",1035,730
1400000US41017000500,41017000500,"Census Tract 5, Deschutes County, Oregon",1101,110
1400000US41017000600,41017000600,"Census Tract 6, Deschutes County, Oregon",1021,223
1400000US41017000700,41017000700,"Census Tract 7, Deschutes County, Oregon",1144,57
1400000US41017000800,41017000800,"Census Tract 8, Deschutes County, Oregon",944,179
1400000US41017000900,41017000900,"Census Tract 9, Deschutes County, Oregon",836,58
1400000US41017001001,41017001001,"Census Tract 10.01, Deschutes County, Oregon",1026,203
1400000US41017001002,41017001002,"Census Tract 10.02, Deschutes County, Oregon",950,386
1400000US41017001100,41017001100,"Census Tract 11, Deschutes County, Oregon",1233,132
1400000US41017001200,41017001200,"Census Tract 12, Deschutes County, Oregon",1188,397
1400000US41017001300,41017001300,"Census Tract 13, Deschutes County, Oregon",1325,135
1400000US41017001400,41017001400,"Census Tract 14, Deschutes County, Oregon",1236,110
1400000US41017001500,41017001500,"Census Tract 15, Deschutes County, Oregon",975,144
1400000US41017001600,41017001600,"Census Tract 16, Deschutes County, Oregon",992,76
1400000US41017001700,41017001700,"Census Tract 17, Deschutes County, Oregon",1143,63
1400000US41017001800,41017001800,"Census Tract 18, Deschutes County, Oregon",924,38
1400000US41017001901,41017001901,"Census Tract 19.01, Deschutes County, Oregon",1632,459
1400000US41017001902,41017001902,"Census Tract 19.02, Deschutes County, Oregon",1182,107
1400000US41017002000,41017002000,"Census Tract 20, Deschutes County, Oregon",1406,139
1400000US41017002100,41017002100,"Census Tract 21, Deschutes County, Oregon",1564,264
1400000US41019010000,41019010000,"Census Tract 100, Douglas County, Oregon",594,30
1400000US41019020000,41019020000,"Census Tract 200, Douglas County, Oregon",650,410
1400000US41019030000,41019030000,"Census Tract 300, Douglas County, Oregon",731,137
1400000US41019040000,41019040000,"Census Tract 400, Douglas County, Oregon",609,114
1400000US41019050001,41019050001,"Census Tract 500.01, Douglas County, Oregon",740,67
1400000US41019050002,41019050002,"Census Tract 500.02, Douglas County, Oregon",855,59
1400000US41019060000,41019060000,"Census Tract 600, Douglas County, Oregon",940,124
1400000US41019070000,41019070000,"Census Tract 700, Douglas County, Oregon",600,591
1400000US41019080000,41019080000,"Census Tract 800, Douglas County, Oregon",1021,208
1400000US41019090000,41019090000,"Census Tract 900, Douglas County, Oregon",822,126
1400000US41019100000,41019100000,"Census Tract 1000, Douglas County, Oregon",714,566
1400000US41019110000,41019110000,"Census Tract 1100, Douglas County, Oregon",586,342
1400000US41019120000,41019120000,"Census Tract 1200, Douglas County, Oregon",776,82
1400000US41019130000,41019130000,"Census Tract 1300, Douglas County, Oregon",717,140
1400000US41019140000,41019140000,"Census Tract 1400, Douglas County, Oregon",762,126
1400000US41019150000,41019150000,"Census Tract 1500, Douglas County, Oregon",904,239
1400000US41019160000,41019160000,"Census Tract 1600, Douglas County, Oregon",725,108
1400000US41019170000,41019170000,"Census Tract 1700, Douglas County, Oregon",644,92
1400000US41019180000,41019180000,"Census Tract 1800, Douglas County, Oregon",922,293
1400000US41019190000,41019190000,"Census Tract 1900, Douglas County, Oregon",751,155
1400000US41019200000,41019200000,"Census Tract 2000, Douglas County, Oregon",709,45
1400000US41019210000,41019210000,"Census Tract 2100, Douglas County, Oregon",823,48
1400000US41019990000,41019990000,"Census Tract 9900, Douglas County, Oregon",-,**
1400000US41021960100,41021960100,"Census Tract 9601, Gilliam County, Oregon",814,77
1400000US41023960100,41023960100,"Census Tract 9601, Grant County, Oregon",678,144
1400000US41023960200,41023960200,"Census Tract 9602, Grant County, Oregon",630,104
1400000US41025960100,41025960100,"Census Tract 9601, Harney County, Oregon",575,35
1400000US41025960200,41025960200,"Census Tract 9602, Harney County, Oregon",709,93
1400000US41027950100,41027950100,"Census Tract 9501, Hood River County, Oregon",789,179
1400000US41027950200,41027950200,"Census Tract 9502, Hood River County, Oregon",1437,292
1400000US41027950300,41027950300,"Census Tract 9503, Hood River County, Oregon",928,138
1400000US41027950400,41027950400,"Census Tract 9504, Hood River County, Oregon",1264,495
1400000US41029000100,41029000100,"Census Tract 1, Jackson County, Oregon",675,46
1400000US41029000201,41029000201,"Census Tract 2.01, Jackson County, Oregon",792,53
1400000US41029000202,41029000202,"Census Tract 2.02, Jackson County, Oregon",869,81
1400000US41029000203,41029000203,"Census Tract 2.03, Jackson County, Oregon",984,56
1400000US41029000300,41029000300,"Census Tract 3, Jackson County, Oregon",775,93
1400000US41029000403,41029000403,"Census Tract 4.03, Jackson County, Oregon",1139,102
1400000US41029000404,41029000404,"Census Tract 4.04, Jackson County, Oregon",1431,192
1400000US41029000405,41029000405,"Census Tract 4.05, Jackson County, Oregon",840,36
1400000US41029000406,41029000406,"Census Tract 4.06, Jackson County, Oregon",966,66
1400000US41029000501,41029000501,"Census Tract 5.01, Jackson County, Oregon",821,145
1400000US41029000502,41029000502,"Census Tract 5.02, Jackson County, Oregon",835,68
1400000US41029000601,41029000601,"Census Tract 6.01, Jackson County, Oregon",1166,211
1400000US41029000602,41029000602,"Census Tract 6.02, Jackson County, Oregon",999,100
1400000US41029000700,41029000700,"Census Tract 7, Jackson County, Oregon",1087,132
1400000US41029000800,41029000800,"Census Tract 8, Jackson County, Oregon",823,48
1400000US41029000900,41029000900,"Census Tract 9, Jackson County, Oregon",1060,186
1400000US41029001001,41029001001,"Census Tract 10.01, Jackson County, Oregon",973,56
1400000US41029001002,41029001002,"Census Tract 10.02, Jackson County, Oregon",889,90
1400000US41029001100,41029001100,"Census Tract 11, Jackson County, Oregon",1125,165
1400000US41029001200,41029001200,"Census Tract 12, Jackson County, Oregon",1008,110
1400000US41029001301,41029001301,"Census Tract 13.01, Jackson County, Oregon",1057,112
1400000US41029001302,41029001302,"Census Tract 13.02, Jackson County, Oregon",1057,85
1400000US41029001400,41029001400,"Census Tract 14, Jackson County, Oregon",1186,207
1400000US41029001500,41029001500,"Census Tract 15, Jackson County, Oregon",1056,208
1400000US41029001601,41029001601,"Census Tract 16.01, Jackson County, Oregon",953,73
1400000US41029001602,41029001602,"Census Tract 16.02, Jackson County, Oregon",741,58
1400000US41029001700,41029001700,"Census Tract 17, Jackson County, Oregon",949,104
1400000US41029001800,41029001800,"Census Tract 18, Jackson County, Oregon",1260,285
1400000US41029001900,41029001900,"Census Tract 19, Jackson County, Oregon",907,102
1400000US41029002000,41029002000,"Census Tract 20, Jackson County, Oregon",969,153
1400000US41029002100,41029002100,"Census Tract 21, Jackson County, Oregon",1152,139
1400000US41029002200,41029002200,"Census Tract 22, Jackson County, Oregon",976,172
1400000US41029002300,41029002300,"Census Tract 23, Jackson County, Oregon",913,571
1400000US41029002400,41029002400,"Census Tract 24, Jackson County, Oregon",1422,180
1400000US41029002500,41029002500,"Census Tract 25, Jackson County, Oregon",829,89
1400000US41029002600,41029002600,"Census Tract 26, Jackson County, Oregon",827,85
1400000US41029002700,41029002700,"Census Tract 27, Jackson County, Oregon",1149,273
1400000US41029002800,41029002800,"Census Tract 28, Jackson County, Oregon",868,129
1400000US41029002900,41029002900,"Census Tract 29, Jackson County, Oregon",817,51
1400000US41029003001,41029003001,"Census Tract 30.01, Jackson County, Oregon",842,299
1400000US41029003002,41029003002,"Census Tract 30.02, Jackson County, Oregon",983,124
1400000US41031940000,41031940000,"Census Tract 9400, Jefferson County, Oregon",437,62
1400000US41031960100,41031960100,"Census Tract 9601, Jefferson County, Oregon",710,148
1400000US41031960201,41031960201,"Census Tract 9602.01, Jefferson County, Oregon",687,120
1400000US41031960202,41031960202,"Census Tract 9602.02, Jefferson County, Oregon",871,38
1400000US41031960301,41031960301,"Census Tract 9603.01, Jefferson County, Oregon",1117,218
1400000US41031960302,41031960302,"Census Tract 9603.02, Jefferson County, Oregon",876,86
1400000US41033360100,41033360100,"Census Tract 3601, Josephine County, Oregon",625,234
1400000US41033360300,41033360300,"Census Tract 3603, Josephine County, Oregon",769,140
1400000US41033360400,41033360400,"Census Tract 3604, Josephine County, Oregon",1157,196
1400000US41033360500,41033360500,"Census Tract 3605, Josephine County, Oregon",832,75
1400000US41033360600,41033360600,"Census Tract 3606, Josephine County, Oregon",682,86
1400000US41033360701,41033360701,"Census Tract 3607.01, Josephine County, Oregon",739,70
1400000US41033360702,41033360702,"Census Tract 3607.02, Josephine County, Oregon",996,89
1400000US41033360800,41033360800,"Census Tract 3608, Josephine County, Oregon",1024,527
1400000US41033360900,41033360900,"Census Tract 3609, Josephine County, Oregon",693,261
1400000US41033361000,41033361000,"Census Tract 3610, Josephine County, Oregon",972,234
1400000US41033361100,41033361100,"Census Tract 3611, Josephine County, Oregon",1033,97
1400000US41033361200,41033361200,"Census Tract 3612, Josephine County, Oregon",876,239
1400000US41033361300,41033361300,"Census Tract 3613, Josephine County, Oregon",790,387
1400000US41033361400,41033361400,"Census Tract 3614, Josephine County, Oregon",737,235
1400000US41033361500,41033361500,"Census Tract 3615, Josephine County, Oregon",708,110
1400000US41033361600,41033361600,"Census Tract 3616, Josephine County, Oregon",724,120
1400000US41035970100,41035970100,"Census Tract 9701, Klamath County, Oregon",822,95
1400000US41035970200,41035970200,"Census Tract 9702, Klamath County, Oregon",761,167
1400000US41035970300,41035970300,"Census Tract 9703, Klamath County, Oregon",1323,83
1400000US41035970400,41035970400,"Census Tract 9704, Klamath County, Oregon",764,77
1400000US41035970500,41035970500,"Census Tract 9705, Klamath County, Oregon",685,60
1400000US41035970600,41035970600,"Census Tract 9706, Klamath County, Oregon",666,112
1400000US41035970700,41035970700,"Census Tract 9707, Klamath County, Oregon",657,82
1400000US41035970800,41035970800,"Census Tract 9708, Klamath County, Oregon",645,340
1400000US41035970900,41035970900,"Census Tract 9709, Klamath County, Oregon",931,53
1400000US41035971000,41035971000,"Census Tract 9710, Klamath County, Oregon",755,150
1400000US41035971100,41035971100,"Census Tract 9711, Klamath County, Oregon",798,75
1400000US41035971200,41035971200,"Census Tract 9712, Klamath County, Oregon",643,29
1400000US41035971300,41035971300,"Census Tract 9713, Klamath County, Oregon",783,287
1400000US41035971400,41035971400,"Census Tract 9714, Klamath County, Oregon",863,247
1400000US41035971500,41035971500,"Census Tract 9715, Klamath County, Oregon",692,66
1400000US41035971600,41035971600,"Census Tract 9716, Klamath County, Oregon",649,107
1400000US41035971700,41035971700,"Census Tract 9717, Klamath County, Oregon",704,37
1400000US41035971800,41035971800,"Census Tract 9718, Klamath County, Oregon",547,92
1400000US41035971900,41035971900,"Census Tract 9719, Klamath County, Oregon",748,46
1400000US41035972000,41035972000,"Census Tract 9720, Klamath County, Oregon",830,123
1400000US41037960100,41037960100,"Census Tract 9601, Lake County, Oregon",507,180
1400000US41037960200,41037960200,"Census Tract 9602, Lake County, Oregon",667,59
1400000US41039000100,41039000100,"Census Tract 1, Lane County, Oregon",826,199
1400000US41039000200,41039000200,"Census Tract 2, Lane County, Oregon",868,82
1400000US41039000300,41039000300,"Census Tract 3, Lane County, Oregon",812,175
1400000US41039000402,41039000402,"Census Tract 4.02, Lane County, Oregon",983,253
1400000US41039000403,41039000403,"Census Tract 4.03, Lane County, Oregon",838,271
1400000US41039000404,41039000404,"Census Tract 4.04, Lane County, Oregon",1047,215
1400000US41039000500,41039000500,"Census Tract 5, Lane County, Oregon",675,152
1400000US41039000702,41039000702,"Census Tract 7.02, Lane County, Oregon",791,340
1400000US41039000705,41039000705,"Census Tract 7.05, Lane County, Oregon",823,80
1400000US41039000706,41039000706,"Census Tract 7.06, Lane County, Oregon",1118,212
1400000US41039000707,41039000707,"Census Tract 7.07, Lane County, Oregon",692,58
1400000US41039000708,41039000708,"Census Tract 7.08, Lane County, Oregon",900,174
1400000US41039000800,41039000800,"Census Tract 8, Lane County, Oregon",959,435
1400000US41039000902,41039000902,"Census Tract 9.02, Lane County, Oregon",947,69
1400000US41039000903,41039000903,"Census Tract 9.03, Lane County, Oregon",1074,114
1400000US41039000904,41039000904,"Census Tract 9.04, Lane County, Oregon",730,356
1400000US41039001001,41039001001,"Census Tract 10.01, Lane County, Oregon",1066,495
1400000US41039001002,41039001002,"Census Tract 10.02, Lane County, Oregon",704,45
1400000US41039001101,41039001101,"Census Tract 11.01, Lane County, Oregon",1294,230
1400000US41039001102,41039001102,"Census Tract 11.02, Lane County, Oregon",747,74
1400000US41039001201,41039001201,"Census Tract 12.01, Lane County, Oregon",814,84
1400000US41039001202,41039001202,"Census Tract 12.02, Lane County, Oregon",685,150
1400000US41039001301,41039001301,"Census Tract 13.01, Lane County, Oregon",867,88
1400000US41039001302,41039001302,"Census Tract 13.02, Lane County, Oregon",899,60
1400000US41039001400,41039001400,"Census Tract 14, Lane County, Oregon",932,106
1400000US41039001500,41039001500,"Census Tract 15, Lane County, Oregon",817,72
1400000US41039001600,41039001600,"Census Tract 16, Lane County, Oregon",854,78
1400000US41039001700,41039001700,"Census Tract 17, Lane County, Oregon",1027,351
1400000US41039001801,41039001801,"Census Tract 18.01, Lane County, Oregon",1080,156
1400000US41039001803,41039001803,"Census Tract 18.03, Lane County, Oregon",935,160
1400000US41039001804,41039001804,"Census Tract 18.04, Lane County, Oregon",1313,196
1400000US41039001902,41039001902,"Census Tract 19.02, Lane County, Oregon",884,71
1400000US41039001903,41039001903,"Census Tract 19.03, Lane County, Oregon",921,90
1400000US41039001904,41039001904,"Census Tract 19.04, Lane County, Oregon",935,62
1400000US41039002001,41039002001,"Census Tract 20.01, Lane County, Oregon",890,104
1400000US41039002002,41039002002,"Census Tract 20.02, Lane County, Oregon",910,54
1400000US41039002101,41039002101,"Census Tract 21.01, Lane County, Oregon",849,44
1400000US41039002102,41039002102,"Census Tract 21.02, Lane County, Oregon",833,30
1400000US41039002201,41039002201,"Census Tract 22.01, Lane County, Oregon",1160,71
1400000US41039002202,41039002202,"Census Tract 22.02, Lane County, Oregon",1235,91
1400000US41039002301,41039002301,"Census Tract 23.01, Lane County, Oregon",1027,78
1400000US41039002302,41039002302,"Census Tract 23.02, Lane County, Oregon",1131,53
1400000US41039002401,41039002401,"Census Tract 24.01, Lane County, Oregon",1438,170
1400000US41039002403,41039002403,"Census Tract 24.03, Lane County, Oregon",1245,150
1400000US41039002404,41039002404,"Census Tract 24.04, Lane County, Oregon",1012,159
1400000US41039002501,41039002501,"Census Tract 25.01, Lane County, Oregon",1133,65
1400000US41039002503,41039002503,"Census Tract 25.03, Lane County, Oregon",1351,72
1400000US41039002504,41039002504,"Census Tract 25.04, Lane County, Oregon",925,77
1400000US41039002600,41039002600,"Census Tract 26, Lane County, Oregon",1066,83
1400000US41039002700,41039002700,"Census Tract 27, Lane County, Oregon",1092,145
1400000US41039002800,41039002800,"Census Tract 28, Lane County, Oregon",957,76
1400000US41039002902,41039002902,"Census Tract 29.02, Lane County, Oregon",944,91
1400000US41039002903,41039002903,"Census Tract 29.03, Lane County, Oregon",996,189
1400000US41039002904,41039002904,"Census Tract 29.04, Lane County, Oregon",1138,60
1400000US41039003000,41039003000,"Census Tract 30, Lane County, Oregon",1049,82
1400000US41039003101,41039003101,"Census Tract 31.01, Lane County, Oregon",909,88
1400000US41039003102,41039003102,"Census Tract 31.02, Lane County, Oregon",1021,71
1400000US41039003201,41039003201,"Census Tract 32.01, Lane County, Oregon",814,36
1400000US41039003202,41039003202,"Census Tract 32.02, Lane County, Oregon",763,56
1400000US41039003301,41039003301,"Census Tract 33.01, Lane County, Oregon",898,111
1400000US41039003302,41039003302,"Census Tract 33.02, Lane County, Oregon",653,67
1400000US41039003400,41039003400,"Census Tract 34, Lane County, Oregon",863,99
1400000US41039003500,41039003500,"Census Tract 35, Lane County, Oregon",1001,110
1400000US41039003600,41039003600,"Census Tract 36, Lane County, Oregon",939,55
1400000US41039003700,41039003700,"Census Tract 37, Lane County, Oregon",936,184
1400000US41039003800,41039003800,"Census Tract 38, Lane County, Oregon",900,82
1400000US41039003900,41039003900,"Census Tract 39, Lane County, Oregon",742,49
1400000US41039004000,41039004000,"Census Tract 40, Lane County, Oregon",634,55
1400000US41039004100,41039004100,"Census Tract 41, Lane County, Oregon",951,72
1400000US41039004200,41039004200,"Census Tract 42, Lane County, Oregon",709,56
1400000US41039004300,41039004300,"Census Tract 43, Lane County, Oregon",973,167
1400000US41039004401,41039004401,"Census Tract 44.01, Lane County, Oregon",954,118
1400000US41039004403,41039004403,"Census Tract 44.03, Lane County, Oregon",791,55
1400000US41039004404,41039004404,"Census Tract 44.04, Lane County, Oregon",885,154
1400000US41039004405,41039004405,"Census Tract 44.05, Lane County, Oregon",1210,106
1400000US41039004501,41039004501,"Census Tract 45.01, Lane County, Oregon",743,63
1400000US41039004502,41039004502,"Census Tract 45.02, Lane County, Oregon",711,28
1400000US41039004600,41039004600,"Census Tract 46, Lane County, Oregon",1155,92
1400000US41039004700,41039004700,"Census Tract 47, Lane County, Oregon",1073,186
1400000US41039004800,41039004800,"Census Tract 48, Lane County, Oregon",885,42
1400000US41039004900,41039004900,"Census Tract 49, Lane County, Oregon",965,137
1400000US41039005000,41039005000,"Census Tract 50, Lane County, Oregon",1131,117
1400000US41039005100,41039005100,"Census Tract 51, Lane County, Oregon",839,126
1400000US41039005200,41039005200,"Census Tract 52, Lane County, Oregon",1152,98
1400000US41039005300,41039005300,"Census Tract 53, Lane County, Oregon",1250,168
1400000US41039005400,41039005400,"Census Tract 54, Lane County, Oregon",1099,218
1400000US41039990000,41039990000,"Census Tract 9900, Lane County, Oregon",-,**
1400000US41041950100,41041950100,"Census Tract 9501, Lincoln County, Oregon",855,30
1400000US41041950303,41041950303,"Census Tract 9503.03, Lincoln County, Oregon",1107,111
1400000US41041950304,41041950304,"Census Tract 9503.04, Lincoln County, Oregon",796,51
1400000US41041950400,41041950400,"Census Tract 9504, Lincoln County, Oregon",828,92
1400000US41041950601,41041950601,"Census Tract 9506.01, Lincoln County, Oregon",913,170
1400000US41041950602,41041950602,"Census Tract 9506.02, Lincoln County, Oregon",895,137
1400000US41041950800,41041950800,"Census Tract 9508, Lincoln County, Oregon",857,107
1400000US41041950900,41041950900,"Census Tract 9509, Lincoln County, Oregon",939,114
1400000US41041951000,41041951000,"Census Tract 9510, Lincoln County, Oregon",752,35
1400000US41041951100,41041951100,"Census Tract 9511, Lincoln County, Oregon",1003,234
1400000US41041951200,41041951200,"Census Tract 9512, Lincoln County, Oregon",964,103
1400000US41041951300,41041951300,"Census Tract 9513, Lincoln County, Oregon",929,131
1400000US41041951400,41041951400,"Census Tract 9514, Lincoln County, Oregon",724,174
1400000US41041951500,41041951500,"Census Tract 9515, Lincoln County, Oregon",1333,89
1400000US41041951600,41041951600,"Census Tract 9516, Lincoln County, Oregon",765,76
1400000US41041951700,41041951700,"Census Tract 9517, Lincoln County, Oregon",949,42
1400000US41041951800,41041951800,"Census Tract 9518, Lincoln County, Oregon",734,151
1400000US41041990100,41041990100,"Census Tract 9901, Lincoln County, Oregon",-,**
1400000US41043020100,41043020100,"Census Tract 201, Linn County, Oregon",984,92
1400000US41043020200,41043020200,"Census Tract 202, Linn County, Oregon",915,60
1400000US41043020300,41043020300,"Census Tract 203, Linn County, Oregon",966,103
1400000US41043020400,41043020400,"Census Tract 204, Linn County, Oregon",736,90
1400000US41043020500,41043020500,"Census Tract 205, Linn County, Oregon",832,103
1400000US41043020600,41043020600,"Census Tract 206, Linn County, Oregon",885,40
1400000US41043020700,41043020700,"Census Tract 207, Linn County, Oregon",954,39
1400000US41043020801,41043020801,"Census Tract 208.01, Linn County, Oregon",820,78
1400000US41043020802,41043020802,"Census Tract 208.02, Linn County, Oregon",831,48
1400000US41043030100,41043030100,"Census Tract 301, Linn County, Oregon",1032,177
1400000US41043030200,41043030200,"Census Tract 302, Linn County, Oregon",870,126
1400000US41043030300,41043030300,"Census Tract 303, Linn County, Oregon",973,62
1400000US41043030401,41043030401,"Census Tract 304.01, Linn County, Oregon",722,138
1400000US41043030402,41043030402,"Census Tract 304.02, Linn County, Oregon",888,118
1400000US41043030500,41043030500,"Census Tract 305, Linn County, Oregon",874,137
1400000US41043030600,41043030600,"Census Tract 306, Linn County, Oregon",1060,51
1400000US41043030700,41043030700,"Census Tract 307, Linn County, Oregon",858,108
1400000US41043030800,41043030800,"Census Tract 308, Linn County, Oregon",919,62
1400000US41043030902,41043030902,"Census Tract 309.02, Linn County, Oregon",939,61
1400000US41043030903,41043030903,"Census Tract 309.03, Linn County, Oregon",793,65
1400000US41043030904,41043030904,"Census Tract 309.04, Linn County, Oregon",829,106
1400000US41045940000,41045940000,"Census Tract 9400, Malheur County, Oregon",-,**
1400000US41045970200,41045970200,"Census Tract 9702, Malheur County, Oregon",740,28
1400000US41045970300,41045970300,"Census Tract 9703, Malheur County, Oregon",662,60
1400000US41045970400,41045970400,"Census Tract 9704, Malheur County, Oregon",663,23
1400000US41045970500,41045970500,"Census Tract 9705, Malheur County, Oregon",639,127
1400000US41045970600,41045970600,"Census Tract 9706, Malheur County, Oregon",597,100
1400000US41045970700,41045970700,"Census Tract 9707, Malheur County, Oregon",675,64
1400000US41045970900,41045970900,"Census Tract 9709, Malheur County, Oregon",577,41
1400000US41047000200,41047000200,"Census Tract 2, Marion County, Oregon",814,35
1400000US41047000300,41047000300,"Census Tract 3, Marion County, Oregon",754,52
1400000US41047000400,41047000400,"Census Tract 4, Marion County, Oregon",731,45
1400000US41047000501,41047000501,"Census Tract 5.01, Marion County, Oregon",813,188
1400000US41047000502,41047000502,"Census Tract 5.02, Marion County, Oregon",761,49
1400000US41047000600,41047000600,"Census Tract 6, Marion County, Oregon",855,62
1400000US41047000701,41047000701,"Census Tract 7.01, Marion County, Oregon",774,45
1400000US41047000900,41047000900,"Census Tract 9, Marion County, Oregon",781,53
1400000US41047001000,41047001000,"Census Tract 10, Marion County, Oregon",839,34
1400000US41047001100,41047001100,"Census Tract 11, Marion County, Oregon",944,48
1400000US41047001200,41047001200,"Census Tract 12, Marion County, Oregon",823,77
1400000US41047001300,41047001300,"Census Tract 13, Marion County, Oregon",835,55
1400000US41047001401,41047001401,"Census Tract 14.01, Marion County, Oregon",1056,188
1400000US41047001402,41047001402,"Census Tract 14.02, Marion County, Oregon",803,99
1400000US41047001501,41047001501,"Census Tract 15.01, Marion County, Oregon",986,210
1400000US41047001502,41047001502,"Census Tract 15.02, Marion County, Oregon",911,87
1400000US41047001503,41047001503,"Census Tract 15.03, Marion County, Oregon",879,82
1400000US41047001601,41047001601,"Census Tract 16.01, Marion County, Oregon",854,58
1400000US41047001602,41047001602,"Census Tract 16.02, Marion County, Oregon",806,50
1400000US41047001603,41047001603,"Census Tract 16.03, Marion County, Oregon",801,78
1400000US41047001604,41047001604,"Census Tract 16.04, Marion County, Oregon",865,83
1400000US41047001701,41047001701,"Census Tract 17.01, Marion County, Oregon",810,55
1400000US41047001702,41047001702,"Census Tract 17.02, Marion County, Oregon",867,127
1400000US41047001703,41047001703,"Census Tract 17.03, Marion County, Oregon",1033,238
1400000US41047001801,41047001801,"Census Tract 18.01, Marion County, Oregon",938,90
1400000US41047001802,41047001802,"Census Tract 18.02, Marion County, Oregon",1103,84
1400000US41047001803,41047001803,"Census Tract 18.03, Marion County, Oregon",970,68
1400000US41047002000,41047002000,"Census Tract 20, Marion County, Oregon",1014,145
1400000US41047002101,41047002101,"Census Tract 21.01, Marion County, Oregon",869,46
1400000US41047002102,41047002102,"Census Tract 21.02, Marion County, Oregon",788,61
1400000US41047002201,41047002201,"Census Tract 22.01, Marion County, Oregon",965,175
1400000US41047002202,41047002202,"Census Tract 22.02, Marion County, Oregon",956,79
1400000US41047002301,41047002301,"Census Tract 23.01, Marion County, Oregon",1190,108
1400000US41047002303,41047002303,"Census Tract 23.03, Marion County, Oregon",1062,79
1400000US41047002304,41047002304,"Census Tract 23.04, Marion County, Oregon",941,66
1400000US41047002400,41047002400,"Census Tract 24, Marion County, Oregon",947,92
1400000US41047002501,41047002501,"Census Tract 25.01, Marion County, Oregon",1085,128
1400000US41047002502,41047002502,"Census Tract 25.02, Marion County, Oregon",914,131
1400000US41047002600,41047002600,"Census Tract 26, Marion County, Oregon",932,329
1400000US41047002700,41047002700,"Census Tract 27, Marion County, Oregon",999,123
1400000US41047002800,41047002800,"Census Tract 28, Marion County, Oregon",897,57
1400000US41047010100,41047010100,"Census Tract 101, Marion County, Oregon",1110,364
1400000US41047010201,41047010201,"Census Tract 102.01, Marion County, Oregon",1085,123
1400000US41047010202,41047010202,"Census Tract 102.02, Marion County, Oregon",976,115
1400000US41047010303,41047010303,"Census Tract 103.03, Marion County, Oregon",1110,160
1400000US41047010304,41047010304,"Census Tract 103.04, Marion County, Oregon",960,78
1400000US41047010305,41047010305,"Census Tract 103.05, Marion County, Oregon",820,89
1400000US41047010306,41047010306,"Census Tract 103.06, Marion County, Oregon",919,141
1400000US41047010307,41047010307,"Census Tract 103.07, Marion County, Oregon",1267,570
1400000US41047010400,41047010400,"Census Tract 104, Marion County, Oregon",834,93
1400000US41047010501,41047010501,"Census Tract 105.01, Marion County, Oregon",1017,336
1400000US41047010502,41047010502,"Census Tract 105.02, Marion County, Oregon",905,69
1400000US41047010503,41047010503,"Census Tract 105.03, Marion County, Oregon",922,119
1400000US41047010600,41047010600,"Census Tract 106, Marion County, Oregon",716,41
1400000US41047010701,41047010701,"Census Tract 107.01, Marion County, Oregon",803,116
1400000US41047010702,41047010702,"Census Tract 107.02, Marion County, Oregon",913,108
1400000US41047010801,41047010801,"Census Tract 108.01, Marion County, Oregon",933,109
1400000US41047010802,41047010802,"Census Tract 108.02, Marion County, Oregon",980,87
1400000US41049970100,41049970100,"Census Tract 9701, Morrow County, Oregon",725,98
1400000US41049970200,41049970200,"Census Tract 9702, Morrow County, Oregon",784,137
1400000US41051000100,41051000100,"Census Tract 1, Multnomah County, Oregon",1124,81
1400000US41051000200,41051000200,"Census Tract 2, Multnomah County, Oregon",912,96
1400000US41051000301,41051000301,"Census Tract 3.01, Multnomah County, Oregon",1140,77
1400000US41051000302,41051000302,"Census Tract 3.02, Multnomah County, Oregon",1692,324
1400000US41051000401,41051000401,"Census Tract 4.01, Multnomah County, Oregon",1299,108
1400000US41051000402,41051000402,"Census Tract 4.02, Multnomah County, Oregon",1260,243
1400000US41051000501,41051000501,"Census Tract 5.01, Multnomah County, Oregon",1148,93
1400000US41051000502,41051000502,"Census Tract 5.02, Multnomah County, Oregon",1119,107
1400000US41051000601,41051000601,"Census Tract 6.01, Multnomah County, Oregon",1036,116
1400000US41051000602,41051000602,"Census Tract 6.02, Multnomah County, Oregon",1115,168
1400000US41051000701,41051000701,"Census Tract 7.01, Multnomah County, Oregon",1044,124
1400000US41051000702,41051000702,"Census Tract 7.02, Multnomah County, Oregon",1206,96
1400000US41051000801,41051000801,"Census Tract 8.01, Multnomah County, Oregon",1309,147
1400000US41051000802,41051000802,"Census Tract 8.02, Multnomah County, Oregon",1090,99
1400000US41051000901,41051000901,"Census Tract 9.01, Multnomah County, Oregon",1179,81
1400000US41051000902,41051000902,"Census Tract 9.02, Multnomah County, Oregon",1012,85
1400000US41051001000,41051001000,"Census Tract 10, Multnomah County, Oregon",1091,95
1400000US41051001101,41051001101,"Census Tract 11.01, Multnomah County, Oregon",852,140
1400000US41051001102,41051001102,"Census Tract 11.02, Multnomah County, Oregon",1181,118
1400000US41051001201,41051001201,"Census Tract 12.01, Multnomah County, Oregon",1141,55
1400000US41051001202,41051001202,"Census Tract 12.02, Multnomah County, Oregon",1179,96
1400000US41051001301,41051001301,"Census Tract 13.01, Multnomah County, Oregon",1176,72
1400000US41051001302,41051001302,"Census Tract 13.02, Multnomah County, Oregon",1514,203
1400000US41051001400,41051001400,"Census Tract 14, Multnomah County, Oregon",1214,109
1400000US41051001500,41051001500,"Census Tract 15, Multnomah County, Oregon",1345,228
1400000US41051001601,41051001601,"Census Tract 16.01, Multnomah County, Oregon",1013,199
1400000US41051001602,41051001602,"Census Tract 16.02, Multnomah County, Oregon",1212,160
1400000US41051001701,41051001701,"Census Tract 17.01, Multnomah County, Oregon",1038,99
1400000US41051001702,41051001702,"Census Tract 17.02, Multnomah County, Oregon",1120,97
1400000US41051001801,41051001801,"Census Tract 18.01, Multnomah County, Oregon",959,82
1400000US41051001802,41051001802,"Census Tract 18.02, Multnomah County, Oregon",988,84
1400000US41051001900,41051001900,"Census Tract 19, Multnomah County, Oregon",1212,77
1400000US41051002000,41051002000,"Census Tract 20, Multnomah County, Oregon",1162,53
1400000US41051002100,41051002100,"Census Tract 21, Multnomah County, Oregon",1063,49
1400000US41051002203,41051002203,"Census Tract 22.03, Multnomah County, Oregon",1059,208
1400000US41051002303,41051002303,"Census Tract 23.03, Multnomah County, Oregon",1269,105
1400000US41051002401,41051002401,"Census Tract 24.01, Multnomah County, Oregon",1448,103
1400000US41051002402,41051002402,"Census Tract 24.02, Multnomah County, Oregon",1196,109
1400000US41051002501,41051002501,"Census Tract 25.01, Multnomah County, Oregon",1981,451
1400000US41051002502,41051002502,"Census Tract 25.02, Multnomah County, Oregon",1157,50
1400000US41051002600,41051002600,"Census Tract 26, Multnomah County, Oregon",1776,360
1400000US41051002701,41051002701,"Census Tract 27.01, Multnomah County, Oregon",2143,463
1400000US41051002702,41051002702,"Census Tract 27.02, Multnomah County, Oregon",863,85
1400000US41051002801,41051002801,"Census Tract 28.01, Multnomah County, Oregon",1165,183
1400000US41051002802,41051002802,"Census Tract 28.02, Multnomah County, Oregon",1140,143
1400000US41051002901,41051002901,"Census Tract 29.01, Multnomah County, Oregon",1169,235
1400000US41051002902,41051002902,"Census Tract 29.02, Multnomah County, Oregon",1084,149
1400000US41051002903,41051002903,"Census Tract 29.03, Multnomah County, Oregon",1268,162
1400000US41051003000,41051003000,"Census Tract 30, Multnomah County, Oregon",1389,146
1400000US41051003100,41051003100,"Census Tract 31, Multnomah County, Oregon",1356,225
1400000US41051003200,41051003200,"Census Tract 32, Multnomah County, Oregon",1308,202
1400000US41051003301,41051003301,"Census Tract 33.01, Multnomah County, Oregon",897,305
1400000US41051003302,41051003302,"Census Tract 33.02, Multnomah County, Oregon",1284,230
1400000US41051003401,41051003401,"Census Tract 34.01, Multnomah County, Oregon",1115,171
1400000US41051003402,41051003402,"Census Tract 34.02, Multnomah County, Oregon",1364,57
1400000US41051003501,41051003501,"Census Tract 35.01, Multnomah County, Oregon",1097,127
1400000US41051003502,41051003502,"Census Tract 35.02, Multnomah County, Oregon",1523,140
1400000US41051003601,41051003601,"Census Tract 36.01, Multnomah County, Oregon",1321,175
1400000US41051003602,41051003602,"Census Tract 36.02, Multnomah County, Oregon",1455,185
1400000US41051003603,41051003603,"Census Tract 36.03, Multnomah County, Oregon",1590,353
1400000US41051003701,41051003701,"Census Tract 37.01, Multnomah County, Oregon",941,86
1400000US41051003702,41051003702,"Census Tract 37.02, Multnomah County, Oregon",1143,323
1400000US41051003801,41051003801,"Census Tract 38.01, Multnomah County, Oregon",1104,89
1400000US41051003802,41051003802,"Census Tract 38.02, Multnomah County, Oregon",1530,229
1400000US41051003803,41051003803,"Census Tract 38.03, Multnomah County, Oregon",1185,181
1400000US41051003901,41051003901,"Census Tract 39.01, Multnomah County, Oregon",1006,388
1400000US41051003902,41051003902,"Census Tract 39.02, Multnomah County, Oregon",1217,160
1400000US41051004001,41051004001,"Census Tract 40.01, Multnomah County, Oregon",984,88
1400000US41051004002,41051004002,"Census Tract 40.02, Multnomah County, Oregon",1382,213
1400000US41051004101,41051004101,"Census Tract 41.01, Multnomah County, Oregon",997,77
1400000US41051004102,41051004102,"Census Tract 41.02, Multnomah County, Oregon",1106,126
1400000US41051004200,41051004200,"Census Tract 42, Multnomah County, Oregon",975,60
1400000US41051004300,41051004300,"Census Tract 43, Multnomah County, Oregon",1325,503
1400000US41051004500,41051004500,"Census Tract 45, Multnomah County, Oregon",1166,150
1400000US41051004601,41051004601,"Census Tract 46.01, Multnomah County, Oregon",1158,93
1400000US41051004602,41051004602,"Census Tract 46.02, Multnomah County, Oregon",1281,487
1400000US41051004700,41051004700,"Census Tract 47, Multnomah County, Oregon",1223,122
1400000US41051004800,41051004800,"Census Tract 48, Multnomah County, Oregon",1088,80
1400000US41051004900,41051004900,"Census Tract 49, Multnomah County, Oregon",1011,86
1400000US41051005000,41051005000,"Census Tract 50, Multnomah County, Oregon",1751,85
1400000US41051005100,41051005100,"Census Tract 51, Multnomah County, Oregon",1007,148
1400000US41051005200,41051005200,"Census Tract 52, Multnomah County, Oregon",1023,95
1400000US41051005500,41051005500,"Census Tract 55, Multnomah County, Oregon",835,72
1400000US41051005600,41051005600,"Census Tract 56, Multnomah County, Oregon",1138,82
1400000US41051005700,41051005700,"Census Tract 57, Multnomah County, Oregon",1629,109
1400000US41051005800,41051005800,"Census Tract 58, Multnomah County, Oregon",1147,138
1400000US41051005900,41051005900,"Census Tract 59, Multnomah County, Oregon",1555,127
1400000US41051006001,41051006001,"Census Tract 60.01, Multnomah County, Oregon",1252,112
1400000US41051006002,41051006002,"Census Tract 60.02, Multnomah County, Oregon",1111,73
1400000US41051006100,41051006100,"Census Tract 61, Multnomah County, Oregon",1209,75
1400000US41051006200,41051006200,"Census Tract 62, Multnomah County, Oregon",1541,221
1400000US41051006300,41051006300,"Census Tract 63, Multnomah County, Oregon",1477,185
1400000US41051006402,41051006402,"Census Tract 64.02, Multnomah County, Oregon",1750,202
1400000US41051006403,41051006403,"Census Tract 64.03, Multnomah County, Oregon",1201,73
1400000US41051006404,41051006404,"Census Tract 64.04, Multnomah County, Oregon",1406,147
1400000US41051006501,41051006501,"Census Tract 65.01, Multnomah County, Oregon",1409,453
1400000US41051006502,41051006502,"Census Tract 65.02, Multnomah County, Oregon",989,69
1400000US41051006601,41051006601,"Census Tract 66.01, Multnomah County, Oregon",1544,403
1400000US41051006602,41051006602,"Census Tract 66.02, Multnomah County, Oregon",1086,145
1400000US41051006701,41051006701,"Census Tract 67.01, Multnomah County, Oregon",1098,461
1400000US41051006702,41051006702,"Census Tract 67.02, Multnomah County, Oregon",1088,41
1400000US41051006801,41051006801,"Census Tract 68.01, Multnomah County, Oregon",825,111
1400000US41051006802,41051006802,"Census Tract 68.02, Multnomah County, Oregon",1094,112
1400000US41051006900,41051006900,"Census Tract 69, Multnomah County, Oregon",1275,690
1400000US41051007000,41051007000,"Census Tract 70, Multnomah County, Oregon",1636,136
1400000US41051007100,41051007100,"Census Tract 71, Multnomah County, Oregon",1603,463
1400000US41051007201,41051007201,"Census Tract 72.01, Multnomah County, Oregon",1091,87
1400000US41051007202,41051007202,"Census Tract 72.02, Multnomah County, Oregon",1316,292
1400000US41051007300,41051007300,"Census Tract 73, Multnomah County, Oregon",838,217
1400000US41051007400,41051007400,"Census Tract 74, Multnomah County, Oregon",1046,159
1400000US41051007500,41051007500,"Census Tract 75, Multnomah County, Oregon",1134,176
1400000US41051007600,41051007600,"Census Tract 76, Multnomah County, Oregon",785,117
1400000US41051007700,41051007700,"Census Tract 77, Multnomah County, Oregon",1150,108
1400000US41051007800,41051007800,"Census Tract 78, Multnomah County, Oregon",973,102
1400000US41051007900,41051007900,"Census Tract 79, Multnomah County, Oregon",888,69
1400000US41051008001,41051008001,"Census Tract 80.01, Multnomah County, Oregon",1117,78
1400000US41051008002,41051008002,"Census Tract 80.02, Multnomah County, Oregon",992,155
1400000US41051008100,41051008100,"Census Tract 81, Multnomah County, Oregon",921,50
1400000US41051008201,41051008201,"Census Tract 82.01, Multnomah County, Oregon",1150,185
1400000US41051008202,41051008202,"Census Tract 82.02, Multnomah County, Oregon",1026,86
1400000US41051008301,41051008301,"Census Tract 83.01, Multnomah County, Oregon",966,125
1400000US41051008302,41051008302,"Census Tract 83.02, Multnomah County, Oregon",927,155
1400000US41051008400,41051008400,"Census Tract 84, Multnomah County, Oregon",821,61
1400000US41051008500,41051008500,"Census Tract 85, Multnomah County, Oregon",1207,184
1400000US41051008600,41051008600,"Census Tract 86, Multnomah County, Oregon",1000,348
1400000US41051008700,41051008700,"Census Tract 87, Multnomah County, Oregon",1305,83
1400000US41051008800,41051008800,"Census Tract 88, Multnomah County, Oregon",1241,191
1400000US41051008901,41051008901,"Census Tract 89.01, Multnomah County, Oregon",1286,109
1400000US41051008902,41051008902,"Census Tract 89.02, Multnomah County, Oregon",1098,120
1400000US41051009000,41051009000,"Census Tract 90, Multnomah County, Oregon",967,93
1400000US41051009101,41051009101,"Census Tract 91.01, Multnomah County, Oregon",1085,67
1400000US41051009102,41051009102,"Census Tract 91.02, Multnomah County, Oregon",1148,157
1400000US41051009201,41051009201,"Census Tract 92.01, Multnomah County, Oregon",912,92
1400000US41051009202,41051009202,"Census Tract 92.02, Multnomah County, Oregon",971,84
1400000US41051009301,41051009301,"Census Tract 93.01, Multnomah County, Oregon",1016,58
1400000US41051009302,41051009302,"Census Tract 93.02, Multnomah County, Oregon",1056,131
1400000US41051009400,41051009400,"Census Tract 94, Multnomah County, Oregon",1196,314
1400000US41051009501,41051009501,"Census Tract 95.01, Multnomah County, Oregon",996,181
1400000US41051009502,41051009502,"Census Tract 95.02, Multnomah County, Oregon",918,56
1400000US41051009603,41051009603,"Census Tract 96.03, Multnomah County, Oregon",1086,173
1400000US41051009604,41051009604,"Census Tract 96.04, Multnomah County, Oregon",882,40
1400000US41051009605,41051009605,"Census Tract 96.05, Multnomah County, Oregon",942,67
1400000US41051009606,41051009606,"Census Tract 96.06, Multnomah County, Oregon",984,52
1400000US41051009701,41051009701,"Census Tract 97.01, Multnomah County, Oregon",943,63
1400000US41051009702,41051009702,"Census Tract 97.02, Multnomah County, Oregon",982,133
1400000US41051009801,41051009801,"Census Tract 98.01, Multnomah County, Oregon",921,53
1400000US41051009803,41051009803,"Census Tract 98.03, Multnomah County, Oregon",916,69
1400000US41051009804,41051009804,"Census Tract 98.04, Multnomah County, Oregon",919,108
1400000US41051009903,41051009903,"Census Tract 99.03, Multnomah County, Oregon",1657,226
1400000US41051009904,41051009904,"Census Tract 99.04, Multnomah County, Oregon",1047,67
1400000US41051009905,41051009905,"Census Tract 99.05, Multnomah County, Oregon",1050,140
1400000US41051009906,41051009906,"Census Tract 99.06, Multnomah County, Oregon",1084,289
1400000US41051009907,41051009907,"Census Tract 99.07, Multnomah County, Oregon",990,70
1400000US41051010001,41051010001,"Census Tract 100.01, Multnomah County, Oregon",990,49
1400000US41051010002,41051010002,"Census Tract 100.02, Multnomah County, Oregon",986,80
1400000US41051010100,41051010100,"Census Tract 101, Multnomah County, Oregon",1135,70
1400000US41051010200,41051010200,"Census Tract 102, Multnomah County, Oregon",1122,127
1400000US41051010303,41051010303,"Census Tract 103.03, Multnomah County, Oregon",984,35
1400000US41051010304,41051010304,"Census Tract 103.04, Multnomah County, Oregon",968,53
1400000US41051010305,41051010305,"Census Tract 103.05, Multnomah County, Oregon",1336,226
1400000US41051010306,41051010306,"Census Tract 103.06, Multnomah County, Oregon",1177,56
1400000US41051010402,41051010402,"Census Tract 104.02, Multnomah County, Oregon",1661,296
1400000US41051010405,41051010405,"Census Tract 104.05, Multnomah County, Oregon",990,91
1400000US41051010407,41051010407,"Census Tract 104.07, Multnomah County, Oregon",1170,74
1400000US41051010408,41051010408,"Census Tract 104.08, Multnomah County, Oregon",1070,89
1400000US41051010409,41051010409,"Census Tract 104.09, Multnomah County, Oregon",1149,137
1400000US41051010410,41051010410,"Census Tract 104.10, Multnomah County, Oregon",982,57
1400000US41051010411,41051010411,"Census Tract 104.11, Multnomah County, Oregon",1123,133
1400000US41051010500,41051010500,"Census Tract 105, Multnomah County, Oregon",991,382
1400000US41051010600,41051010600,"Census Tract 106, Multnomah County, Oregon",582,85
1400000US41051980000,41051980000,"Census Tract 9800, Multnomah County, Oregon",-,**
1400000US41053005100,41053005100,"Census Tract 51, Polk County, Oregon",741,53
1400000US41053005201,41053005201,"Census Tract 52.01, Polk County, Oregon",1062,180
1400000US41053005202,41053005202,"Census Tract 52.02, Polk County, Oregon",1019,100
1400000US41053005300,41053005300,"Census Tract 53, Polk County, Oregon",920,395
1400000US41053020202,41053020202,"Census Tract 202.02, Polk County, Oregon",736,55
1400000US41053020203,41053020203,"Census Tract 202.03, Polk County, Oregon",776,51
1400000US41053020204,41053020204,"Census Tract 202.04, Polk County, Oregon",1076,284
1400000US41053020302,41053020302,"Census Tract 203.02, Polk County, Oregon",882,71
1400000US41053020303,41053020303,"Census Tract 203.03, Polk County, Oregon",913,92
1400000US41053020304,41053020304,"Census Tract 203.04, Polk County, Oregon",752,121
1400000US41053020400,41053020400,"Census Tract 204, Polk County, Oregon",811,96
1400000US41053020500,41053020500,"Census Tract 205, Polk County, Oregon",782,89
1400000US41055950100,41055950100,"Census Tract 9501, Sherman County, Oregon",765,85
1400000US41057960100,41057960100,"Census Tract 9601, Tillamook County, Oregon",875,61
1400000US41057960200,41057960200,"Census Tract 9602, Tillamook County, Oregon",955,114
1400000US41057960300,41057960300,"Census Tract 9603, Tillamook County, Oregon",976,73
1400000US41057960400,41057960400,"Census Tract 9604, Tillamook County, Oregon",786,74
1400000US41057960500,41057960500,"Census Tract 9605, Tillamook County, Oregon",829,129
1400000US41057960600,41057960600,"Census Tract 9606, Tillamook County, Oregon",950,363
1400000US41057960700,41057960700,"Census Tract 9607, Tillamook County, Oregon",712,92
1400000US41057960800,41057960800,"Census Tract 9608, Tillamook County, Oregon",745,47
1400000US41057990100,41057990100,"Census Tract 9901, Tillamook County, Oregon",-,**
1400000US41059940000,41059940000,"Census Tract 9400, Umatilla County, Oregon",694,100
1400000US41059950100,41059950100,"Census Tract 9501, Umatilla County, Oregon",711,84
1400000US41059950200,41059950200,"Census Tract 9502, Umatilla County, Oregon",658,34
1400000US41059950300,41059950300,"Census Tract 9503, Umatilla County, Oregon",750,76
1400000US41059950400,41059950400,"Census Tract 9504, Umatilla County, Oregon",683,87
1400000US41059950500,41059950500,"Census Tract 9505, Umatilla County, Oregon",795,265
1400000US41059950600,41059950600,"Census Tract 9506, Umatilla County, Oregon",695,117
1400000US41059950700,41059950700,"Census Tract 9507, Umatilla County, Oregon",670,49
1400000US41059950800,41059950800,"Census Tract 9508, Umatilla County, Oregon",590,71
1400000US41059950900,41059950900,"Census Tract 9509, Umatilla County, Oregon",736,30
1400000US41059951000,41059951000,"Census Tract 9510, Umatilla County, Oregon",694,34
1400000US41059951100,41059951100,"Census Tract 9511, Umatilla County, Oregon",731,129
1400000US41059951200,41059951200,"Census Tract 9512, Umatilla County, Oregon",698,33
1400000US41059951300,41059951300,"Census Tract 9513, Umatilla County, Oregon",835,126
1400000US41059951400,41059951400,"Census Tract 9514, Umatilla County, Oregon",820,109
1400000US41061970100,41061970100,"Census Tract 9701, Union County, Oregon",681,86
1400000US41061970200,41061970200,"Census Tract 9702, Union County, Oregon",717,156
1400000US41061970300,41061970300,"Census Tract 9703, Union County, Oregon",923,85
1400000US41061970400,41061970400,"Census Tract 9704, Union County, Oregon",752,60
1400000US41061970500,41061970500,"Census Tract 9705, Union County, Oregon",729,40
1400000US41061970600,41061970600,"Census Tract 9706, Union County, Oregon",899,90
1400000US41061970700,41061970700,"Census Tract 9707, Union County, Oregon",693,55
1400000US41061970800,41061970800,"Census Tract 9708, Union County, Oregon",608,212
1400000US41063960100,41063960100,"Census Tract 9601, Wallowa County, Oregon",632,89
1400000US41063960200,41063960200,"Census Tract 9602, Wallowa County, Oregon",684,67
1400000US41063960300,41063960300,"Census Tract 9603, Wallowa County, Oregon",691,69
1400000US41065970100,41065970100,"Census Tract 9701, Wasco County, Oregon",755,194
1400000US41065970200,41065970200,"Census Tract 9702, Wasco County, Oregon",786,100
1400000US41065970300,41065970300,"Census Tract 9703, Wasco County, Oregon",767,39
1400000US41065970400,41065970400,"Census Tract 9704, Wasco County, Oregon",704,135
1400000US41065970500,41065970500,"Census Tract 9705, Wasco County, Oregon",828,305
1400000US41065970600,41065970600,"Census Tract 9706, Wasco County, Oregon",680,61
1400000US41065970700,41065970700,"Census Tract 9707, Wasco County, Oregon",616,40
1400000US41065970800,41065970800,"Census Tract 9708, Wasco County, Oregon",744,139
1400000US41067030101,41067030101,"Census Tract 301.01, Washington County, Oregon",1432,68
1400000US41067030102,41067030102,"Census Tract 301.02, Washington County, Oregon",1460,97
1400000US41067030200,41067030200,"Census Tract 302, Washington County, Oregon",1200,84
1400000US41067030300,41067030300,"Census Tract 303, Washington County, Oregon",965,90
1400000US41067030401,41067030401,"Census Tract 304.01, Washington County, Oregon",1164,61
1400000US41067030402,41067030402,"Census Tract 304.02, Washington County, Oregon",1107,69
1400000US41067030501,41067030501,"Census Tract 305.01, Washington County, Oregon",1098,133
1400000US41067030502,41067030502,"Census Tract 305.02, Washington County, Oregon",1057,75
1400000US41067030600,41067030600,"Census Tract 306, Washington County, Oregon",1063,237
1400000US41067030700,41067030700,"Census Tract 307, Washington County, Oregon",944,56
1400000US41067030801,41067030801,"Census Tract 308.01, Washington County, Oregon",1061,103
1400000US41067030803,41067030803,"Census Tract 308.03, Washington County, Oregon",1178,67
1400000US41067030805,41067030805,"Census Tract 308.05, Washington County, Oregon",1095,38
1400000US41067030806,41067030806,"Census Tract 308.06, Washington County, Oregon",1173,403
1400000US41067030900,41067030900,"Census Tract 309, Washington County, Oregon",898,81
1400000US41067031003,41067031003,"Census Tract 310.03, Washington County, Oregon",1305,123
1400000US41067031004,41067031004,"Census Tract 310.04, Washington County, Oregon",1188,82
1400000US41067031005,41067031005,"Census Tract 310.05, Washington County, Oregon",904,59
1400000US41067031006,41067031006,"Census Tract 310.06, Washington County, Oregon",1037,72
1400000US41067031100,41067031100,"Census Tract 311, Washington County, Oregon",951,78
1400000US41067031200,41067031200,"Census Tract 312, Washington County, Oregon",1099,89
1400000US41067031300,41067031300,"Census Tract 313, Washington County, Oregon",992,39
1400000US41067031402,41067031402,"Census Tract 314.02, Washington County, Oregon",1198,69
1400000US41067031403,41067031403,"Census Tract 314.03, Washington County, Oregon",1090,63
1400000US41067031404,41067031404,"Census Tract 314.04, Washington County, Oregon",1100,139
1400000US41067031504,41067031504,"Census Tract 315.04, Washington County, Oregon",1164,50
1400000US41067031506,41067031506,"Census Tract 315.06, Washington County, Oregon",1130,57
1400000US41067031507,41067031507,"Census Tract 315.07, Washington County, Oregon",1106,64
1400000US41067031508,41067031508,"Census Tract 315.08, Washington County, Oregon",1039,141
1400000US41067031509,41067031509,"Census Tract 315.09, Washington County, Oregon",1207,132
1400000US41067031511,41067031511,"Census Tract 315.11, Washington County, Oregon",1531,640
1400000US41067031512,41067031512,"Census Tract 315.12, Washington County, Oregon",1469,168
1400000US41067031513,41067031513,"Census Tract 315.13, Washington County, Oregon",1689,154
1400000US41067031514,41067031514,"Census Tract 315.14, Washington County, Oregon",1625,225
1400000US41067031606,41067031606,"Census Tract 316.06, Washington County, Oregon",1223,106
1400000US41067031609,41067031609,"Census Tract 316.09, Washington County, Oregon",1209,51
1400000US41067031610,41067031610,"Census Tract 316.10, Washington County, Oregon",1263,66
1400000US41067031611,41067031611,"Census Tract 316.11, Washington County, Oregon",1314,49
1400000US41067031612,41067031612,"Census Tract 316.12, Washington County, Oregon",1470,115
1400000US41067031613,41067031613,"Census Tract 316.13, Washington County, Oregon",1169,52
1400000US41067031614,41067031614,"Census Tract 316.14, Washington County, Oregon",1470,107
1400000US41067031615,41067031615,"Census Tract 316.15, Washington County, Oregon",1131,53
1400000US41067031616,41067031616,"Census Tract 316.16, Washington County, Oregon",1344,46
1400000US41067031617,41067031617,"Census Tract 316.17, Washington County, Oregon",1385,75
1400000US41067031703,41067031703,"Census Tract 317.03, Washington County, Oregon",1282,117
1400000US41067031704,41067031704,"Census Tract 317.04, Washington County, Oregon",1627,123
1400000US41067031705,41067031705,"Census Tract 317.05, Washington County, Oregon",1042,45
1400000US41067031706,41067031706,"Census Tract 317.06, Washington County, Oregon",1177,49
1400000US41067031804,41067031804,"Census Tract 318.04, Washington County, Oregon",1155,40
1400000US41067031805,41067031805,"Census Tract 318.05, Washington County, Oregon",1627,369
1400000US41067031806,41067031806,"Census Tract 318.06, Washington County, Oregon",1504,492
1400000US41067031807,41067031807,"Census Tract 318.07, Washington County, Oregon",1138,108
1400000US41067031812,41067031812,"Census Tract 318.12, Washington County, Oregon",1347,61
1400000US41067031813,41067031813,"Census Tract 318.13, Washington County, Oregon",1175,70
1400000US41067031814,41067031814,"Census Tract 318.14, Washington County, Oregon",2140,303
1400000US41067031815,41067031815,"Census Tract 318.15, Washington County, Oregon",1205,121
1400000US41067031904,41067031904,"Census Tract 319.04, Washington County, Oregon",1061,168
1400000US41067031907,41067031907,"Census Tract 319.07, Washington County, Oregon",1086,167
1400000US41067031908,41067031908,"Census Tract 319.08, Washington County, Oregon",1146,127
1400000US41067031909,41067031909,"Census Tract 319.09, Washington County, Oregon",1663,160
1400000US41067031910,41067031910,"Census Tract 319.10, Washington County, Oregon",898,146
1400000US41067031911,41067031911,"Census Tract 319.11, Washington County, Oregon",1384,55
1400000US41067031912,41067031912,"Census Tract 319.12, Washington County, Oregon",1127,60
1400000US41067032001,41067032001,"Census Tract 320.01, Washington County, Oregon",1150,95
1400000US41067032003,41067032003,"Census Tract 320.03, Washington County, Oregon",1087,45
1400000US41067032004,41067032004,"Census Tract 320.04, Washington County, Oregon",1173,52
1400000US41067032005,41067032005,"Census Tract 320.05, Washington County, Oregon",1139,39
1400000US41067032103,41067032103,"Census Tract 321.03, Washington County, Oregon",1319,112
1400000US41067032104,41067032104,"Census Tract 321.04, Washington County, Oregon",1498,210
1400000US41067032107,41067032107,"Census Tract 321.07, Washington County, Oregon",1776,119
1400000US41067032108,41067032108,"Census Tract 321.08, Washington County, Oregon",1484,208
1400000US41067032109,41067032109,"Census Tract 321.09, Washington County, Oregon",2808,704
1400000US41067032110,41067032110,"Census Tract 321.10, Washington County, Oregon",1423,74
1400000US41067032200,41067032200,"Census Tract 322, Washington County, Oregon",1467,265
1400000US41067032300,41067032300,"Census Tract 323, Washington County, Oregon",1325,209
1400000US41067032404,41067032404,"Census Tract 324.04, Washington County, Oregon",1375,235
1400000US41067032406,41067032406,"Census Tract 324.06, Washington County, Oregon",1583,192
1400000US41067032407,41067032407,"Census Tract 324.07, Washington County, Oregon",1212,93
1400000US41067032408,41067032408,"Census Tract 324.08, Washington County, Oregon",1447,157
1400000US41067032409,41067032409,"Census Tract 324.09, Washington County, Oregon",873,34
1400000US41067032410,41067032410,"Census Tract 324.10, Washington County, Oregon",1050,105
1400000US41067032501,41067032501,"Census Tract 325.01, Washington County, Oregon",887,63
1400000US41067032502,41067032502,"Census Tract 325.02, Washington County, Oregon",1468,135
1400000US41067032503,41067032503,"Census Tract 325.03, Washington County, Oregon",1313,127
1400000US41067032603,41067032603,"Census Tract 326.03, Washington County, Oregon",1374,176
1400000US41067032604,41067032604,"Census Tract 326.04, Washington County, Oregon",974,180
1400000US41067032606,41067032606,"Census Tract 326.06, Washington County, Oregon",1072,89
1400000US41067032607,41067032607,"Census Tract 326.07, Washington County, Oregon",1427,46
1400000US41067032608,41067032608,"Census Tract 326.08, Washington County, Oregon",1330,53
1400000US41067032609,41067032609,"Census Tract 326.09, Washington County, Oregon",1171,38
1400000US41067032610,41067032610,"Census Tract 326.10, Washington County, Oregon",1480,161
1400000US41067032700,41067032700,"Census Tract 327, Washington County, Oregon",971,155
1400000US41067032800,41067032800,"Census Tract 328, Washington County, Oregon",1115,446
1400000US41067032901,41067032901,"Census Tract 329.01, Washington County, Oregon",885,107
1400000US41067032902,41067032902,"Census Tract 329.02, Washington County, Oregon",1040,176
1400000US41067033000,41067033000,"Census Tract 330, Washington County, Oregon",1121,105
1400000US41067033101,41067033101,"Census Tract 331.01, Washington County, Oregon",926,58
1400000US41067033102,41067033102,"Census Tract 331.02, Washington County, Oregon",936,108
1400000US41067033200,41067033200,"Census Tract 332, Washington County, Oregon",858,40
1400000US41067033301,41067033301,"Census Tract 333.01, Washington County, Oregon",970,77
1400000US41067033302,41067033302,"Census Tract 333.02, Washington County, Oregon",1433,505
1400000US41067033400,41067033400,"Census Tract 334, Washington County, Oregon",1661,116
1400000US41067033500,41067033500,"Census Tract 335, Washington County, Oregon",1223,130
1400000US41067033600,41067033600,"Census Tract 336, Washington County, Oregon",1005,325
1400000US41069960100,41069960100,"Census Tract 9601, Wheeler County, Oregon",592,42
1400000US41071030101,41071030101,"Census Tract 301.01, Yamhill County, Oregon",1192,416
1400000US41071030102,41071030102,"Census Tract 301.02, Yamhill County, Oregon",1354,133
1400000US41071030201,41071030201,"Census Tract 302.01, Yamhill County, Oregon",1007,191
1400000US41071030202,41071030202,"Census Tract 302.02, Yamhill County, Oregon",889,73
1400000US41071030301,41071030301,"Census Tract 303.01, Yamhill County, Oregon",1105,163
1400000US41071030302,41071030302,"Census Tract 303.02, Yamhill County, Oregon",995,329
1400000US41071030400,41071030400,"Census Tract 304, Yamhill County, Oregon",1212,205
1400000US41071030501,41071030501,"Census Tract 305.01, Yamhill County, Oregon",730,98
1400000US41071030502,41071030502,"Census Tract 305.02, Yamhill County, Oregon",755,131
1400000US41071030601,41071030601,"Census Tract 306.01, Yamhill County, Oregon",1285,217
1400000US41071030602,41071030602,"Census Tract 306.02, Yamhill County, Oregon",929,59
1400000US41071030701,41071030701,"Census Tract 307.01, Yamhill County, Oregon",1104,103
1400000US41071030702,41071030702,"Census Tract 307.02, Yamhill County, Oregon",860,92
1400000US41071030801,41071030801,"Census Tract 308.01, Yamhill County, Oregon",830,48
1400000US41071030802,41071030802,"Census Tract 308.02, Yamhill County, Oregon",897,83
1400000US41071030900,41071030900,"Census Tract 309, Yamhill County, Oregon",1123,196
1400000US41071031000,41071031000,"Census Tract 310, Yamhill County, Oregon",1017,140
